"variable","N","mean","sd","min","max","na_count"
"trial_index",5733,25.7955695098552,15.3519219848761,0,52,0
"time_elapsed",5733,163632.068376068,139568.69681095,1024,1404771,0
"item_id",5396,25.3732394366197,14.4630063760502,1,50,337
"rating",5396,1.9058561897702,1.72535875273922,0,5,337
